"1","1","CHACHAPOYAS","010101"
"2","1","ASUNCION","010102"
"3","1","BALSAS","010103"
"4","1","CHETO","010104"
"5","1","CHILIQUIN","010105"
"6","1","CHUQUIBAMBA","010106"
"7","1","GRANADA","010107"
"8","1","HUANCAS","010108"
"9","1","LA JALCA","010109"
"10","1","LEIMEBAMBA","010110"
"11","1","LEVANTO","010111"
"12","1","MAGDALENA","010112"
"13","1","MARISCAL CASTILLA","010113"
"14","1","MOLINOPAMPA","010114"
"15","1","MONTEVIDEO","010115"
"16","1","OLLEROS","010116"
"17","1","QUINJALCA","010117"
"18","1","SAN FRANCISCO DE DAGUAS","010118"
"19","1","SAN ISIDRO DE MAINO","010119"
"20","1","SOLOCO","010120"
"21","1","SONCHE","010121"
"22","2","BAGUA","010201"
"23","2","ARAMANGO","010202"
"24","2","COPALLIN","010203"
"25","2","EL PARCO","010204"
"26","2","IMAZA","010205"
"27","3","JUMBILLA","010301"
"28","3","CHISQUILLA","010302"
"29","3","CHURUJA","010303"
"30","3","COROSHA","010304"
"31","3","CUISPES","010305"
"32","3","FLORIDA","010306"
"33","3","JAZAN","010307"
"34","3","RECTA","010308"
"35","3","SAN CARLOS","010309"
"36","3","SHIPASBAMBA","010310"
"37","3","VALERA","010311"
"38","3","YAMBRASBAMBA","010312"
"39","4","NIEVA","010401"
"40","4","EL CENEPA","010402"
"41","4","RIO SANTIAGO","010403"
"42","5","LAMUD","010501"
"43","5","CAMPORREDONDO","010502"
"44","5","COCABAMBA","010503"
"45","5","COLCAMAR","010504"
"46","5","CONILA","010505"
"47","5","INGUILPATA","010506"
"48","5","LONGUITA","010507"
"49","5","LONYA CHICO","010508"
"50","5","LUYA","010509"
"51","5","LUYA VIEJO","010510"
"52","5","MARIA","010511"
"53","5","OCALLI","010512"
"54","5","OCUMAL","010513"
"55","5","PISUQUIA","010514"
"56","5","PROVIDENCIA","010515"
"57","5","SAN CRISTOBAL","010516"
"58","5","SAN FRANCISCO DEL YESO","010517"
"59","5","SAN JERONIMO","010518"
"60","5","SAN JUAN DE LOPECANCHA","010519"
"61","5","SANTA CATALINA","010520"
"62","5","SANTO TOMAS","010521"
"63","5","TINGO","010522"
"64","5","TRITA","010523"
"65","6","SAN NICOLAS","010601"
"66","6","CHIRIMOTO","010602"
"67","6","COCHAMAL","010603"
"68","6","HUAMBO","010604"
"69","6","LIMABAMBA","010605"
"70","6","LONGAR","010606"
"71","6","MARISCAL BENAVIDES","010607"
"72","6","MILPUC","010608"
"73","6","OMIA","010609"
"74","6","SANTA ROSA","010610"
"75","6","TOTORA","010611"
"76","6","VISTA ALEGRE","010612"
"77","7","BAGUA GRANDE","010701"
"78","7","CAJARURO","010702"
"79","7","CUMBA","010703"
"80","7","EL MILAGRO","010704"
"81","7","JAMALCA","010705"
"82","7","LONYA GRANDE","010706"
"83","7","YAMON","010707"
"84","8","HUARAZ","020101"
"85","8","COCHABAMBA","020102"
"86","8","COLCABAMBA","020103"
"87","8","HUANCHAY","020104"
"88","8","INDEPENDENCIA","020105"
"89","8","JANGAS","020106"
"90","8","LA LIBERTAD","020107"
"91","8","OLLEROS","020108"
"92","8","PAMPAS GRANDE","020109"
"93","8","PARIACOTO","020110"
"94","8","PIRA","020111"
"95","8","TARICA","020112"
"96","9","AIJA","020201"
"97","9","CORIS","020202"
"98","9","HUACLLAN","020203"
"99","9","LA MERCED","020204"
"100","9","SUCCHA","020205"
"101","10","LLAMELLIN","020301"
"102","10","ACZO","020302"
"103","10","CHACCHO","020303"
"104","10","CHINGAS","020304"
"105","10","MIRGAS","020305"
"106","10","SAN JUAN DE RONTOY","020306"
"107","11","CHACAS","020401"
"108","11","ACOCHACA","020402"
"109","12","CHIQUIAN","020501"
"110","12","ABELARDO PARDO LEZAMETA","020502"
"111","12","ANTONIO RAYMONDI","020503"
"112","12","AQUIA","020504"
"113","12","CAJACAY","020505"
"114","12","CANIS","020506"
"115","12","COLQUIOC","020507"
"116","12","HUALLANCA","020508"
"117","12","HUASTA","020509"
"118","12","HUAYLLACAYAN","020510"
"119","12","LA PRIMAVERA","020511"
"120","12","MANGAS","020512"
"121","12","PACLLON","020513"
"122","12","SAN MIGUEL DE CORPANQUI","020514"
"123","12","TICLLOS","020515"
"124","13","CARHUAZ","020601"
"125","13","ACOPAMPA","020602"
"126","13","AMASHCA","020603"
"127","13","ANTA","020604"
"128","13","ATAQUERO","020605"
"129","13","MARCARA","020606"
"130","13","PARIAHUANCA","020607"
"131","13","SAN MIGUEL DE ACO","020608"
"132","13","SHILLA","020609"
"133","13","TINCO","020610"
"134","13","YUNGAR","020611"
"135","14","SAN LUIS","020701"
"136","14","SAN NICOLAS","020702"
"137","14","YAUYA","020703"
"138","15","CASMA","020801"
"139","15","BUENA VISTA ALTA","020802"
"140","15","COMANDANTE NOEL","020803"
"141","15","YAUTAN","020804"
"142","16","CORONGO","020901"
"143","16","ACO","020902"
"144","16","BAMBAS","020903"
"145","16","CUSCA","020904"
"146","16","LA PAMPA","020905"
"147","16","YANAC","020906"
"148","16","YUPAN","020907"
"149","17","HUARI","021001"
"150","17","ANRA","021002"
"151","17","CAJAY","021003"
"152","17","CHAVIN DE HUANTAR","021004"
"153","17","HUACACHI","021005"
"154","17","HUACCHIS","021006"
"155","17","HUACHIS","021007"
"156","17","HUANTAR","021008"
"157","17","MASIN","021009"
"158","17","PAUCAS","021010"
"159","17","PONTO","021011"
"160","17","RAHUAPAMPA","021012"
"161","17","RAPAYAN","021013"
"162","17","SAN MARCOS","021014"
"163","17","SAN PEDRO DE CHANA","021015"
"164","17","UCO","021016"
"165","18","HUARMEY","021101"
"166","18","COCHAPETI","021102"
"167","18","CULEBRAS","021103"
"168","18","HUAYAN","021104"
"169","18","MALVAS","021105"
"170","19","CARAZ","021201"
"171","19","HUALLANCA","021202"
"172","19","HUATA","021203"
"173","19","HUAYLAS","021204"
"174","19","MATO","021205"
"175","19","PAMPAROMAS","021206"
"176","19","PUEBLO LIBRE","021207"
"177","19","SANTA CRUZ","021208"
"178","19","SANTO TORIBIO","021209"
"179","19","YURACMARCA","021210"
"180","20","PISCOBAMBA","021301"
"181","20","CASCA","021302"
"182","20","ELEAZAR GUZMAN BARRON","021303"
"183","20","FIDEL OLIVAS ESCUDERO","021304"
"184","20","LLAMA","021305"
"185","20","LLUMPA","021306"
"186","20","LUCMA","021307"
"187","20","MUSGA","021308"
"188","21","OCROS","021401"
"189","21","ACAS","021402"
"190","21","CAJAMARQUILLA","021403"
"191","21","CARHUAPAMPA","021404"
"192","21","COCHAS","021405"
"193","21","CONGAS","021406"
"194","21","LLIPA","021407"
"195","21","SAN CRISTOBAL DE RAJAN","021408"
"196","21","SAN PEDRO","021409"
"197","21","SANTIAGO DE CHILCAS","021410"
"198","22","CABANA","021501"
"199","22","BOLOGNESI","021502"
"200","22","CONCHUCOS","021503"
"201","22","HUACASCHUQUE","021504"
"202","22","HUANDOVAL","021505"
"203","22","LACABAMBA","021506"
"204","22","LLAPO","021507"
"205","22","PALLASCA","021508"
"206","22","PAMPAS","021509"
"207","22","SANTA ROSA","021510"
"208","22","TAUCA","021511"
"209","23","POMABAMBA","021601"
"210","23","HUAYLLAN","021602"
"211","23","PAROBAMBA","021603"
"212","23","QUINUABAMBA","021604"
"213","24","RECUAY","021701"
"214","24","CATAC","021702"
"215","24","COTAPARACO","021703"
"216","24","HUAYLLAPAMPA","021704"
"217","24","LLACLLIN","021705"
"218","24","MARCA","021706"
"219","24","PAMPAS CHICO","021707"
"220","24","PARARIN","021708"
"221","24","TAPACOCHA","021709"
"222","24","TICAPAMPA","021710"
"223","25","CHIMBOTE","021801"
"224","25","CACERES DEL PERU","021802"
"225","25","COISHCO","021803"
"226","25","MACATE","021804"
"227","25","MORO","021805"
"228","25","NEPENA","021806"
"229","25","SAMANCO","021807"
"230","25","SANTA","021808"
"231","25","NUEVO CHIMBOTE","021809"
"232","26","SIHUAS","021901"
"233","26","ACOBAMBA","021902"
"234","26","ALFONSO UGARTE","021903"
"235","26","CASHAPAMPA","021904"
"236","26","CHINGALPO","021905"
"237","26","HUAYLLABAMBA","021906"
"238","26","QUICHES","021907"
"239","26","RAGASH","021908"
"240","26","SAN JUAN","021909"
"241","26","SICSIBAMBA","021910"
"242","27","YUNGAY","022001"
"243","27","CASCAPARA","022002"
"244","27","MANCOS","022003"
"245","27","MATACOTO","022004"
"246","27","QUILLO","022005"
"247","27","RANRAHIRCA","022006"
"248","27","SHUPLUY","022007"
"249","27","YANAMA","022008"
"250","28","ABANCAY","030101"
"251","28","CHACOCHE","030102"
"252","28","CIRCA","030103"
"253","28","CURAHUASI","030104"
"254","28","HUANIPACA","030105"
"255","28","LAMBRAMA","030106"
"256","28","PICHIRHUA","030107"
"257","28","SAN PEDRO DE CACHORA","030108"
"258","28","TAMBURCO","030109"
"259","29","ANDAHUAYLAS","030201"
"260","29","ANDARAPA","030202"
"261","29","CHIARA","030203"
"262","29","HUANCARAMA","030204"
"263","29","HUANCARAY","030205"
"264","29","HUAYANA","030206"
"265","29","KISHUARA","030207"
"266","29","PACOBAMBA","030208"
"267","29","PACUCHA","030209"
"268","29","PAMPACHIRI","030210"
"269","29","POMACOCHA","030211"
"270","29","SAN ANTONIO DE CACHI","030212"
"271","29","SAN JERONIMO","030213"
"272","29","SAN MIGUEL DE CHACCRAMPA","030214"
"273","29","SANTA MARIA DE CHICMO","030215"
"274","29","TALAVERA","030216"
"275","29","TUMAY HUARACA","030217"
"276","29","TURPO","030218"
"277","29","KAQUIABAMBA","030219"
"278","30","ANTABAMBA","030301"
"279","30","EL ORO","030302"
"280","30","HUAQUIRCA","030303"
"281","30","JUAN ESPINOZA MEDRANO","030304"
"282","30","OROPESA","030305"
"283","30","PACHACONAS","030306"
"284","30","SABAINO","030307"
"285","31","CHALHUANCA","030401"
"286","31","CAPAYA","030402"
"287","31","CARAYBAMBA","030403"
"288","31","CHAPIMARCA","030404"
"289","31","COLCABAMBA","030405"
"290","31","COTARUSE","030406"
"291","31","IHUAYLLO","030407"
"292","31","JUSTO APU SAHUARAURA","030408"
"293","31","LUCRE","030409"
"294","31","POCOHUANCA","030410"
"295","31","SAN JUAN DE CHACNA","030411"
"296","31","SANAYCA","030412"
"297","31","SORAYA","030413"
"298","31","TAPAIRIHUA","030414"
"299","31","TINTAY","030415"
"300","31","TORAYA","030416"
"301","31","YANACA","030417"
"302","32","TAMBOBAMBA","030501"
"303","32","COTABAMBAS","030502"
"304","32","COYLLURQUI","030503"
"305","32","HAQUIRA","030504"
"306","32","MARA","030505"
"307","32","CHALLHUAHUACHO","030506"
"308","33","CHINCHEROS","030601"
"309","33","ANCO_HUALLO","030602"
"310","33","COCHARCAS","030603"
"311","33","HUACCANA","030604"
"312","33","OCOBAMBA","030605"
"313","33","ONGOY","030606"
"314","33","URANMARCA","030607"
"315","33","RANRACANCHA","030608"
"316","195","CHUQUIBAMBILLA","030701"
"317","195","CURPAHUASI","030702"
"318","195","GAMARRA","030703"
"319","195","HUAYLLATI","030704"
"320","195","MAMARA","030705"
"321","195","MICAELA BASTIDAS","030706"
"322","195","PATAYPAMPA","030707"
"323","195","PROGRESO","030708"
"324","195","SAN ANTONIO","030709"
"325","195","SANTA ROSA","030710"
"326","195","TURPAY","030711"
"327","195","VILCABAMBA","030712"
"328","195","VIRUNDO","030713"
"329","195","CURASCO","030714"
"330","34","AREQUIPA","040101"
"331","34","ALTO SELVA ALEGRE","040102"
"332","34","CAYMA","040103"
"333","34","CERRO COLORADO","040104"
"334","34","CHARACATO","040105"
"335","34","CHIGUATA","040106"
"336","34","JACOBO HUNTER","040107"
"337","34","LA JOYA","040108"
"338","34","MARIANO MELGAR","040109"
"339","34","MIRAFLORES","040110"
"340","34","MOLLEBAYA","040111"
"341","34","PAUCARPATA","040112"
"342","34","POCSI","040113"
"343","34","POLOBAYA","040114"
"344","34","QUEQUENA","040115"
"345","34","SABANDIA","040116"
"346","34","SACHACA","040117"
"347","34","SAN JUAN DE SIGUAS","040118"
"348","34","SAN JUAN DE TARUCANI","040119"
"349","34","SANTA ISABEL DE SIGUAS","040120"
"350","34","SANTA RITA DE SIGUAS","040121"
"351","34","SOCABAYA","040122"
"352","34","TIABAYA","040123"
"353","34","UCHUMAYO","040124"
"354","34","VITOR","040125"
"355","34","YANAHUARA","040126"
"356","34","YARABAMBA","040127"
"357","34","YURA","040128"
"358","34","JOSE LUIS BUSTAMANTE Y RIVERO","040129"
"359","35","CAMANA","040201"
"360","35","JOSE MARIA QUIMPER","040202"
"361","35","MARIANO NICOLAS VALCARCEL","040203"
"362","35","MARISCAL CACERES","040204"
"363","35","NICOLAS DE PIEROLA","040205"
"364","35","OCONA","040206"
"365","35","QUILCA","040207"
"366","35","SAMUEL PASTOR","040208"
"367","36","CARAVELI","040301"
"368","36","ACARI","040302"
"369","36","ATICO","040303"
"370","36","ATIQUIPA","040304"
"371","36","BELLA UNION","040305"
"372","36","CAHUACHO","040306"
"373","36","CHALA","040307"
"374","36","CHAPARRA","040308"
"375","36","HUANUHUANU","040309"
"376","36","JAQUI","040310"
"377","36","LOMAS","040311"
"378","36","QUICACHA","040312"
"379","36","YAUCA","040313"
"380","37","APLAO","040401"
"381","37","ANDAGUA","040402"
"382","37","AYO","040403"
"383","37","CHACHAS","040404"
"384","37","CHILCAYMARCA","040405"
"385","37","CHOCO","040406"
"386","37","HUANCARQUI","040407"
"387","37","MACHAGUAY","040408"
"388","37","ORCOPAMPA","040409"
"389","37","PAMPACOLCA","040410"
"390","37","TIPAN","040411"
"391","37","UNON","040412"
"392","37","URACA","040413"
"393","37","VIRACO","040414"
"394","38","CHIVAY","040501"
"395","38","ACHOMA","040502"
"396","38","CABANACONDE","040503"
"397","38","CALLALLI","040504"
"398","38","CAYLLOMA","040505"
"399","38","COPORAQUE","040506"
"400","38","HUAMBO","040507"
"401","38","HUANCA","040508"
"402","38","ICHUPAMPA","040509"
"403","38","LARI","040510"
"404","38","LLUTA","040511"
"405","38","MACA","040512"
"406","38","MADRIGAL","040513"
"407","38","SAN ANTONIO DE CHUCA","040514"
"408","38","SIBAYO","040515"
"409","38","TAPAY","040516"
"410","38","TISCO","040517"
"411","38","TUTI","040518"
"412","38","YANQUE","040519"
"413","38","MAJES","040520"
"414","39","CHUQUIBAMBA","040601"
"415","39","ANDARAY","040602"
"416","39","CAYARANI","040603"
"417","39","CHICHAS","040604"
"418","39","IRAY","040605"
"419","39","RIO GRANDE","040606"
"420","39","SALAMANCA","040607"
"421","39","YANAQUIHUA","040608"
"422","40","MOLLENDO","040701"
"423","40","COCACHACRA","040702"
"424","40","DEAN VALDIVIA","040703"
"425","40","ISLAY","040704"
"426","40","MEJIA","040705"
"427","40","PUNTA DE BOMBON","040706"
"428","41","COTAHUASI","040801"
"429","41","ALCA","040802"
"430","41","CHARCANA","040803"
"431","41","HUAYNACOTAS","040804"
"432","41","PAMPAMARCA","040805"
"433","41","PUYCA","040806"
"434","41","QUECHUALLA","040807"
"435","41","SAYLA","040808"
"436","41","TAURIA","040809"
"437","41","TOMEPAMPA","040810"
"438","41","TORO","040811"
"439","42","AYACUCHO","050101"
"440","42","ACOCRO","050102"
"441","42","ACOS VINCHOS","050103"
"442","42","CARMEN ALTO","050104"
"443","42","CHIARA","050105"
"444","42","OCROS","050106"
"445","42","PACAYCASA","050107"
"446","42","QUINUA","050108"
"447","42","SAN JOSE DE TICLLAS","050109"
"448","42","SAN JUAN BAUTISTA","050110"
"449","42","SANTIAGO DE PISCHA","050111"
"450","42","SOCOS","050112"
"451","42","TAMBILLO","050113"
"452","42","VINCHOS","050114"
"453","42","JESUS NAZARENO","050115"
"454","43","CANGALLO","050201"
"455","43","CHUSCHI","050202"
"456","43","LOS MOROCHUCOS","050203"
"457","43","MARIA PARADO DE BELLIDO","050204"
"458","43","PARAS","050205"
"459","43","TOTOS","050206"
"460","44","SANCOS","050301"
"461","44","CARAPO","050302"
"462","44","SACSAMARCA","050303"
"463","44","SANTIAGO DE LUCANAMARCA","050304"
"464","45","HUANTA","050401"
"465","45","AYAHUANCO","050402"
"466","45","HUAMANGUILLA","050403"
"467","45","IGUAIN","050404"
"468","45","LURICOCHA","050405"
"469","45","SANTILLANA","050406"
"470","45","SIVIA","050407"
"471","45","LLOCHEGUA","050408"
"472","46","SAN MIGUEL","050501"
"473","46","ANCO","050502"
"474","46","AYNA","050503"
"475","46","CHILCAS","050504"
"476","46","CHUNGUI","050505"
"477","46","LUIS CARRANZA","050506"
"478","46","SANTA ROSA","050507"
"479","46","TAMBO","050508"
"480","47","PUQUIO","050601"
"481","47","AUCARA","050602"
"482","47","CABANA","050603"
"483","47","CARMEN SALCEDO","050604"
"484","47","CHAVINA","050605"
"485","47","CHIPAO","050606"
"486","47","HUAC-HUAS","050607"
"487","47","LARAMATE","050608"
"488","47","LEONCIO PRADO","050609"
"489","47","LLAUTA","050610"
"490","47","LUCANAS","050611"
"491","47","OCANA","050612"
"492","47","OTOCA","050613"
"493","47","SAISA","050614"
"494","47","SAN CRISTOBAL","050615"
"495","47","SAN JUAN","050616"
"496","47","SAN PEDRO","050617"
"497","47","SAN PEDRO DE PALCO","050618"
"498","47","SANCOS","050619"
"499","47","SANTA ANA DE HUAYCAHUACHO","050620"
"500","47","SANTA LUCIA","050621"
"501","48","CORACORA","050701"
"502","48","CHUMPI","050702"
"503","48","CORONEL CASTANEDA","050703"
"504","48","PACAPAUSA","050704"
"505","48","PULLO","050705"
"506","48","PUYUSCA","050706"
"507","48","SAN FRANCISCO DE RAVACAYCO","050707"
"508","48","UPAHUACHO","050708"
"509","49","PAUSA","050801"
"510","49","COLTA","050802"
"511","49","CORCULLA","050803"
"512","49","LAMPA","050804"
"513","49","MARCABAMBA","050805"
"514","49","OYOLO","050806"
"515","49","PARARCA","050807"
"516","49","SAN JAVIER DE ALPABAMBA","050808"
"517","49","SAN JOSE DE USHUA","050809"
"518","49","SARA SARA","050810"
"519","50","QUEROBAMBA","050901"
"520","50","BELEN","050902"
"521","50","CHALCOS","050903"
"522","50","CHILCAYOC","050904"
"523","50","HUACANA","050905"
"524","50","MORCOLLA","050906"
"525","50","PAICO","050907"
"526","50","SAN PEDRO DE LARCAY","050908"
"527","50","SAN SALVADOR DE QUIJE","050909"
"528","50","SANTIAGO DE PAUCARAY","050910"
"529","50","SORAS","050911"
"530","51","HUANCAPI","051001"
"531","51","ALCAMENCA","051002"
"532","51","APONGO","051003"
"533","51","ASQUIPATA","051004"
"534","51","CANARIA","051005"
"535","51","CAYARA","051006"
"536","51","COLCA","051007"
"537","51","HUAMANQUIQUIA","051008"
"538","51","HUANCARAYLLA","051009"
"539","51","HUAYA","051010"
"540","51","SARHUA","051011"
"541","51","VILCANCHOS","051012"
"542","52","VILCAS HUAMAN","051101"
"543","52","ACCOMARCA","051102"
"544","52","CARHUANCA","051103"
"545","52","CONCEPCION","051104"
"546","52","HUAMBALPA","051105"
"547","52","INDEPENDENCIA","051106"
"548","52","SAURAMA","051107"
"549","52","VISCHONGO","051108"
"550","53","CAJAMARCA","060101"
"551","53","ASUNCION","060102"
"552","53","CHETILLA","060103"
"553","53","COSPAN","060104"
"554","53","ENCANADA","060105"
"555","53","JESUS","060106"
"556","53","LLACANORA","060107"
"557","53","LOS BANOS DEL INCA","060108"
"558","53","MAGDALENA","060109"
"559","53","MATARA","060110"
"560","53","NAMORA","060111"
"561","53","SAN JUAN","060112"
"562","54","CAJABAMBA","060201"
"563","54","CACHACHI","060202"
"564","54","CONDEBAMBA","060203"
"565","54","SITACOCHA","060204"
"566","55","CELENDIN","060301"
"567","55","CHUMUCH","060302"
"568","55","CORTEGANA","060303"
"569","55","HUASMIN","060304"
"570","55","JORGE CHAVEZ","060305"
"571","55","JOSE GALVEZ","060306"
"572","55","MIGUEL IGLESIAS","060307"
"573","55","OXAMARCA","060308"
"574","55","SOROCHUCO","060309"
"575","55","SUCRE","060310"
"576","55","UTCO","060311"
"577","55","LA LIBERTAD DE PALLAN","060312"
"578","56","CHOTA","060401"
"579","56","ANGUIA","060402"
"580","56","CHADIN","060403"
"581","56","CHIGUIRIP","060404"
"582","56","CHIMBAN","060405"
"583","56","CHOROPAMPA","060406"
"584","56","COCHABAMBA","060407"
"585","56","CONCHAN","060408"
"586","56","HUAMBOS","060409"
"587","56","LAJAS","060410"
"588","56","LLAMA","060411"
"589","56","MIRACOSTA","060412"
"590","56","PACCHA","060413"
"591","56","PION","060414"
"592","56","QUEROCOTO","060415"
"593","56","SAN JUAN DE LICUPIS","060416"
"594","56","TACABAMBA","060417"
"595","56","TOCMOCHE","060418"
"596","56","CHALAMARCA","060419"
"597","57","CONTUMAZA","060501"
"598","57","CHILETE","060502"
"599","57","CUPISNIQUE","060503"
"600","57","GUZMANGO","060504"
"601","57","SAN BENITO","060505"
"602","57","SANTA CRUZ DE TOLED","060506"
"603","57","TANTARICA","060507"
"604","57","YONAN","060508"
"605","58","CUTERVO","060601"
"606","58","CALLAYUC","060602"
"607","58","CHOROS","060603"
"608","58","CUJILLO","060604"
"609","58","LA RAMADA","060605"
"610","58","PIMPINGOS","060606"
"611","58","QUEROCOTILLO","060607"
"612","58","SAN ANDRES DE CUTERVO","060608"
"613","58","SAN JUAN DE CUTERVO","060609"
"614","58","SAN LUIS DE LUCMA","060610"
"615","58","SANTA CRUZ","060611"
"616","58","SANTO DOMINGO DE LA CAPILLA","060612"
"617","58","SANTO TOMAS","060613"
"618","58","SOCOTA","060614"
"619","58","TORIBIO CASANOVA","060615"
"620","59","BAMBAMARCA","060701"
"621","59","CHUGUR","060702"
"622","59","HUALGAYOC","060703"
"623","60","JAEN","060801"
"624","60","BELLAVISTA","060802"
"625","60","CHONTALI","060803"
"626","60","COLASAY","060804"
"627","60","HUABAL","060805"
"628","60","LAS PIRIAS","060806"
"629","60","POMAHUACA","060807"
"630","60","PUCARA","060808"
"631","60","SALLIQUE","060809"
"632","60","SAN FELIPE","060810"
"633","60","SAN JOSE DEL ALTO","060811"
"634","60","SANTA ROSA","060812"
"635","61","SAN IGNACIO","060901"
"636","61","CHIRINOS","060902"
"637","61","HUARANGO","060903"
"638","61","LA COIPA","060904"
"639","61","NAMBALLE","060905"
"640","61","SAN JOSE DE LOURDES","060906"
"641","61","TABACONAS","060907"
"642","62","PEDRO GALVEZ","061001"
"643","62","CHANCAY","061002"
"644","62","EDUARDO VILLANUEVA","061003"
"645","62","GREGORIO PITA","061004"
"646","62","ICHOCAN","061005"
"647","62","JOSE MANUEL QUIROZ","061006"
"648","62","JOSE SABOGAL","061007"
"649","63","SAN MIGUEL","061101"
"650","63","BOLIVAR","061102"
"651","63","CALQUIS","061103"
"652","63","CATILLUC","061104"
"653","63","EL PRADO","061105"
"654","63","LA FLORIDA","061106"
"655","63","LLAPA","061107"
"656","63","NANCHOC","061108"
"657","63","NIEPOS","061109"
"658","63","SAN GREGORIO","061110"
"659","63","SAN SILVESTRE DE COCHAN","061111"
"660","63","TONGOD","061112"
"661","63","UNION AGUA BLANCA","061113"
"662","64","SAN PABLO","061201"
"663","64","SAN BERNARDINO","061202"
"664","64","SAN LUIS","061203"
"665","64","TUMBADEN","061204"
"666","65","SANTA CRUZ","061301"
"667","65","ANDABAMBA","061302"
"668","65","CATACHE","061303"
"669","65","CHANCAYBANOS","061304"
"670","65","LA ESPERANZA","061305"
"671","65","NINABAMBA","061306"
"672","65","PULAN","061307"
"673","65","SAUCEPAMPA","061308"
"674","65","SEXI","061309"
"675","65","UTICYACU","061310"
"676","65","YAUYUCAN","061311"
"677","66","CALLAO","070101"
"678","66","BELLAVISTA","070102"
"679","66","CARMEN DE LA LEGUA REYNOSO","070103"
"680","66","LA PERLA","070104"
"681","66","LA PUNTA","070105"
"682","66","VENTANILLA","070106"
"683","67","CUSCO","080101"
"684","67","CCORCA","080102"
"685","67","POROY","080103"
"686","67","SAN JERONIMO","080104"
"687","67","SAN SEBASTIAN","080105"
"688","67","SANTIAGO","080106"
"689","67","SAYLLA","080107"
"690","67","WANCHAQ","080108"
"691","68","ACOMAYO","080201"
"692","68","ACOPIA","080202"
"693","68","ACOS","080203"
"694","68","MOSOC LLACTA","080204"
"695","68","POMACANCHI","080205"
"696","68","RONDOCAN","080206"
"697","68","SANGARARA","080207"
"698","69","ANTA","080301"
"699","69","ANCAHUASI","080302"
"700","69","CACHIMAYO","080303"
"701","69","CHINCHAYPUJIO","080304"
"702","69","HUAROCONDO","080305"
"703","69","LIMATAMBO","080306"
"704","69","MOLLEPATA","080307"
"705","69","PUCYURA","080308"
"706","70","CALCA","080401"
"707","70","COYA","080402"
"708","70","LAMAY","080403"
"709","70","LARES","080404"
"710","70","PISAC","080405"
"711","70","SAN SALVADOR","080406"
"712","70","TARAY","080407"
"713","70","YANATILE","080408"
"714","71","YANAOCA","080501"
"715","71","CHECCA","080502"
"716","71","KUNTURKANKI","080503"
"717","71","LANGUI","080504"
"718","71","LAYO","080505"
"719","71","PAMPAMARCA","080506"
"720","71","QUEHUE","080507"
"721","71","TUPAC AMARU","080508"
"722","72","SICUANI","080601"
"723","72","CHECACUPE","080602"
"724","72","COMBAPATA","080603"
"725","72","MARANGANI","080604"
"726","72","PITUMARCA","080605"
"727","72","SAN PABLO","080606"
"728","72","SAN PEDRO","080607"
"729","72","TINTA","080608"
"730","73","SANTO TOMAS","080701"
"731","73","CAPACMARCA","080702"
"732","73","CHAMACA","080703"
"733","73","COLQUEMARCA","080704"
"734","73","LIVITACA","080705"
"735","73","LLUSCO","080706"
"736","73","QUINOTA","080707"
"737","73","VELILLE","080708"
"738","74","ESPINAR","080801"
"739","74","CONDOROMA","080802"
"740","74","COPORAQUE","080803"
"741","74","OCORURO","080804"
"742","74","PALLPATA","080805"
"743","74","PICHIGUA","080806"
"744","74","SUYCKUTAMBO","080807"
"745","74","ALTO PICHIGUA","080808"
"746","75","SANTA ANA","080901"
"747","75","ECHARATE","080902"
"748","75","HUAYOPATA","080903"
"749","75","MARANURA","080904"
"750","75","OCOBAMBA","080905"
"751","75","QUELLOUNO","080906"
"752","75","KIMBIRI","080907"
"753","75","SANTA TERESA","080908"
"754","75","VILCABAMBA","080909"
"755","75","PICHARI","080910"
"756","76","PARURO","081001"
"757","76","ACCHA","081002"
"758","76","CCAPI","081003"
"759","76","COLCHA","081004"
"760","76","HUANOQUITE","081005"
"761","76","OMACHA","081006"
"762","76","PACCARITAMBO","081007"
"763","76","PILLPINTO","081008"
"764","76","YAURISQUE","081009"
"765","77","PAUCARTAMBO","081101"
"766","77","CAICAY","081102"
"767","77","CHALLABAMBA","081103"
"768","77","COLQUEPATA","081104"
"769","77","HUANCARANI","081105"
"770","77","KOSNIPATA","081106"
"771","78","URCOS","081201"
"772","78","ANDAHUAYLILLAS","081202"
"773","78","CAMANTI","081203"
"774","78","CCARHUAYO","081204"
"775","78","CCATCA","081205"
"776","78","CUSIPATA","081206"
"777","78","HUARO","081207"
"778","78","LUCRE","081208"
"779","78","MARCAPATA","081209"
"780","78","OCONGATE","081210"
"781","78","OROPESA","081211"
"782","78","QUIQUIJANA","081212"
"783","79","URUBAMBA","081301"
"784","79","CHINCHERO","081302"
"785","79","HUAYLLABAMBA","081303"
"786","79","MACHUPICCHU","081304"
"787","79","MARAS","081305"
"788","79","OLLANTAYTAMBO","081306"
"789","79","YUCAY","081307"
"790","80","HUANCAVELICA","090101"
"791","80","ACOBAMBILLA","090102"
"792","80","ACORIA","090103"
"793","80","CONAYCA","090104"
"794","80","CUENCA","090105"
"795","80","HUACHOCOLPA","090106"
"796","80","HUAYLLAHUARA","090107"
"797","80","IZCUCHACA","090108"
"798","80","LARIA","090109"
"799","80","MANTA","090110"
"800","80","MARISCAL CACERES","090111"
"801","80","MOYA","090112"
"802","80","NUEVO OCCORO","090113"
"803","80","PALCA","090114"
"804","80","PILCHACA","090115"
"805","80","VILCA","090116"
"806","80","YAULI","090117"
"807","80","ASCENSION","090118"
"808","80","HUANDO","090119"
"809","81","ACOBAMBA","090201"
"810","81","ANDABAMBA","090202"
"811","81","ANTA","090203"
"812","81","CAJA","090204"
"813","81","MARCAS","090205"
"814","81","PAUCARA","090206"
"815","81","POMACOCHA","090207"
"816","81","ROSARIO","090208"
"817","82","LIRCAY","090301"
"818","82","ANCHONGA","090302"
"819","82","CALLANMARCA","090303"
"820","82","CCOCHACCASA","090304"
"821","82","CHINCHO","090305"
"822","82","CONGALLA","090306"
"823","82","HUANCA-HUANCA","090307"
"824","82","HUAYLLAY GRANDE","090308"
"825","82","JULCAMARCA","090309"
"826","82","SAN ANTONIO DE ANTAPARCO","090310"
"827","82","SANTO TOMAS DE PATA","090311"
"828","82","SECCLLA","090312"
"829","83","CASTROVIRREYNA","090401"
"830","83","ARMA","090402"
"831","83","AURAHUA","090403"
"832","83","CAPILLAS","090404"
"833","83","CHUPAMARCA","090405"
"834","83","COCAS","090406"
"835","83","HUACHOS","090407"
"836","83","HUAMATAMBO","090408"
"837","83","MOLLEPAMPA","090409"
"838","83","SAN JUAN","090410"
"839","83","SANTA ANA","090411"
"840","83","TANTARA","090412"
"841","83","TICRAPO","090413"
"842","84","CHURCAMPA","090501"
"843","84","ANCO","090502"
"844","84","CHINCHIHUASI","090503"
"845","84","EL CARMEN","090504"
"846","84","LA MERCED","090505"
"847","84","LOCROJA","090506"
"848","84","PAUCARBAMABA","090507"
"849","84","SAN MIGUEL DE MAYOCC","090508"
"850","84","SAN PEDRO DE CORIS","090509"
"851","84","PACHAMARCA","090510"
"852","85","HUAYTARA","090601"
"853","85","AYAVI","090602"
"854","85","CORDOVA","090603"
"855","85","HUAYACUNDO ARMA","090604"
"856","85","LARAMARCA","090605"
"857","85","OCOYO","090606"
"858","85","PILPICHACA","090607"
"859","85","QUERCO","090608"
"860","85","QUITO-ARMA","090609"
"861","85","SAN ANTONIO DE CUSICANCHA","090610"
"862","85","SAN FRANCISCO DE SANGAYAICO","090611"
"863","85","SAN ISIDRO","090612"
"864","85","SANTIAGO DE CHOCORVOS","090613"
"865","85","SANTIAGO DE QUIRAHUARA","090614"
"866","85","SANTO DOMINGO DE CAPILLAS","090615"
"867","85","TAMBO","090616"
"868","86","PAMPAS","090701"
"869","86","ACOSTAMBO","090702"
"870","86","ACRAQUIA","090703"
"871","86","AHUAYCHA","090704"
"872","86","COLCABAMBA","090705"
"873","86","DANIEL HERNANDEZ","090706"
"874","86","HUACHOCOLPA","090707"
"875","86","HUARIBAMBA","090709"
"876","86","NAHUIMPUQUIO","090710"
"877","86","PAZOS","090711"
"878","86","QUISHUAR","090713"
"879","86","SALCABAMBA","090714"
"880","86","SALCAHUASI","090715"
"881","86","SAN MARCOS DE ROCCHAC","090716"
"882","86","SURCUBAMBA","090717"
"883","86","TINTAY PUNCU","090718"
"884","87","HUANUCO","100101"
"885","87","AMARILIS","100102"
"886","87","CHINCHAO","100103"
"887","87","CHURUBAMBA","100104"
"888","87","MARGOS","100105"
"889","87","QUISQUI (KICHKI)","100106"
"890","87","SAN FRANCISCO DE CAYRAN","100107"
"891","87","SAN PEDRO DE CHAULAN","100108"
"892","87","SANTA MARIA DEL VALLE","100109"
"893","87","YARUMAYO","100110"
"894","87","PILLCO MARCA","100111"
"895","88","AMBO","100201"
"896","88","CAYNA","100202"
"897","88","COLPAS","100203"
"898","88","CONCHAMARCA","100204"
"899","88","HUACAR","100205"
"900","88","SAN FRANCISCO","100206"
"901","88","SAN RAFAEL","100207"
"902","88","TOMAY KICHWA","100208"
"903","89","LA UNION","100301"
"904","89","CHUQUIS","100307"
"905","89","MARIAS","100311"
"906","89","PACHAS","100313"
"907","89","QUIVILLA","100316"
"908","89","RIPAN","100317"
"909","89","SHUNQUI","100321"
"910","89","SILLAPATA","100322"
"911","89","YANAS","100323"
"912","90","HUACAYBAMBA","100401"
"913","90","CANCHABAMBA","100402"
"914","90","COCHABAMBA","100403"
"915","90","PINRA","100404"
"916","91","LLATA","100501"
"917","91","ARANCAY","100502"
"918","91","CHAVIN DE PARIARCA","100503"
"919","91","JACAS GRANDE","100504"
"920","91","JIRCAN","100505"
"921","91","MIRAFLORES","100506"
"922","91","MONZON","100507"
"923","91","PUNCHAO","100508"
"924","91","PUNOS","100509"
"925","91","SINGA","100510"
"926","91","TANTAMAYO","100511"
"927","92","RUPA-RUPA","100601"
"928","92","DANIEL ALOMIA ROBLES","100602"
"929","92","HERMILIO VALDIZAN","100603"
"930","92","JOSE CRESPO Y CASTILLO","100604"
"931","92","LUYANDO","100605"
"932","92","MARIANO DAMASO BERAUN","100606"
"933","93","HUACRACHUCO","100701"
"934","93","CHOLON","100702"
"935","93","SAN BUENAVENTURA","100703"
"936","94","PANAO","100801"
"937","94","CHAGLLA","100802"
"938","94","MOLINO","100803"
"939","94","UMARI","100804"
"940","95","PUERTO INCA","100901"
"941","95","CODO DEL POZUZO","100902"
"942","95","HONORIA","100903"
"943","95","TOURNAVISTA","100904"
"944","95","YUYAPICHIS","100905"
"945","96","JESUS","101001"
"946","96","BANOS","101002"
"947","96","JIVIA","101003"
"948","96","QUEROPALCA","101004"
"949","96","RONDOS","101005"
"950","96","SAN FRANCISCO DE ASIS","101006"
"951","96","SAN MIGUEL DE CAURI","101007"
"952","97","CHAVINILLO","101101"
"953","97","CAHUAC","101102"
"954","97","CHACABAMBA","101103"
"955","97","APARICIO POMARES","101104"
"956","97","JACAS CHICO","101105"
"957","97","OBAS","101106"
"958","97","PAMPAMARCA","101107"
"959","97","CHORAS","101108"
"960","98","ICA","110101"
"961","98","LA TINGUINA","110102"
"962","98","LOS AQUIJES","110103"
"963","98","OCUCAJE","110104"
"964","98","PACHACUTEC","110105"
"965","98","PARCONA","110106"
"966","98","PUEBLO NUEVO","110107"
"967","98","SALAS","110108"
"968","98","SAN JOSE DE LOS MOLINOS","110109"
"969","98","SAN JUAN BAUTISTA","110110"
"970","98","SANTIAGO","110111"
"971","98","SUBTANJALLA","110112"
"972","98","TATE","110113"
"973","98","YAUCA DEL ROSARIO","110114"
"974","99","CHINCHA ALTA","110201"
"975","99","ALTO LARAN","110202"
"976","99","CHAVIN","110203"
"977","99","CHINCHA BAJA","110204"
"978","99","EL CARMEN","110205"
"979","99","GROCIO PRADO","110206"
"980","99","PUEBLO NUEVO","110207"
"981","99","SAN JUAN DE YANAC","110208"
"982","99","SAN PEDRO DE HUACARPANA","110209"
"983","99","SUNAMPE","110210"
"984","99","TAMBO DE MORA","110211"
"985","100","NAZCA","110301"
"986","100","CHANGUILLO","110302"
"987","100","EL INGENIO","110303"
"988","100","MARCONA","110304"
"989","100","VISTA ALEGRE","110305"
"990","101","PALPA","110401"
"991","101","LLIPATA","110402"
"992","101","RIO GRANDE","110403"
"993","101","SANTA CRUZ","110404"
"994","101","TIBILLO","110405"
"995","102","PISCO","110501"
"996","102","HUANCANO","110502"
"997","102","HUMAY","110503"
"998","102","INDEPENDENCIA","110504"
"999","102","PARACAS","110505"
"1000","102","SAN ANDRES","110506"
"1001","102","SAN CLEMENTE","110507"
"1002","102","TUPAC AMARU INCA","110508"
"1003","103","HUANCAYO","120101"
"1004","103","CARHUACALLANGA","120104"
"1005","103","CHACAPAMPA","120105"
"1006","103","CHICCHE","120106"
"1007","103","CHILCA","120107"
"1008","103","CHONGOS ALTO","120108"
"1009","103","CHUPURO","120111"
"1010","103","COLCA","120112"
"1011","103","CULLHUAS","120113"
"1012","103","EL TAMBO","120114"
"1013","103","HUACRAPUQUIO","120116"
"1014","103","HUALHUAS","120117"
"1015","103","HUANCAN","120119"
"1016","103","HUASICANCHA","120120"
"1017","103","HUAYUCACHI","120121"
"1018","103","INGENIO","120122"
"1019","103","PARIAHUANCA","120124"
"1020","103","PILCOMAYO","120125"
"1021","103","PUCARA","120126"
"1022","103","QUICHUAY","120127"
"1023","103","QUILCAS","120128"
"1024","103","SAN AGUSTIN","120129"
"1025","103","SAN JERONIMO DE TUNAN","120130"
"1026","103","SANO","120132"
"1027","103","SAPALLANGA","120133"
"1028","103","SICAYA","120134"
"1029","103","SANTO DOMINGO DE ACOBAMBA","120135"
"1030","103","VIQUES","120136"
"1031","104","CONCEPCION","120201"
"1032","104","ACO","120202"
"1033","104","ANDAMARCA","120203"
"1034","104","CHAMBARA","120204"
"1035","104","COCHAS","120205"
"1036","104","COMAS","120206"
"1037","104","HEROINAS TOLEDO","120207"
"1038","104","MANZANARES","120208"
"1039","104","MARISCAL CASTILLA","120209"
"1040","104","MATAHUASI","120210"
"1041","104","MITO","120211"
"1042","104","NUEVE DE JULIO","120212"
"1043","104","ORCOTUNA","120213"
"1044","104","SAN JOSE DE QUERO","120214"
"1045","104","SANTA ROSA DE OCOPA","120215"
"1046","105","CHANCHAMAYO","120301"
"1047","105","PERENE","120302"
"1048","105","PICHANAQUI","120303"
"1049","105","SAN LUIS DE SHUARO","120304"
"1050","105","SAN RAMON","120305"
"1051","105","VITOC","120306"
"1052","106","JAUJA","120401"
"1053","106","ACOLLA","120402"
"1054","106","APATA","120403"
"1055","106","ATAURA","120404"
"1056","106","CANCHAYLLO","120405"
"1057","106","CURICACA","120406"
"1058","106","EL MANTARO","120407"
"1059","106","HUAMALI","120408"
"1060","106","HUARIPAMPA","120409"
"1061","106","HUERTAS","120410"
"1062","106","JANJAILLO","120411"
"1063","106","JULCAN","120412"
"1064","106","LEONOR ORDONEZ","120413"
"1065","106","LLOCLLAPAMPA","120414"
"1066","106","MARCO","120415"
"1067","106","MASMA","120416"
"1068","106","MASMA CHICCHE","120417"
"1069","106","MOLINOS","120418"
"1070","106","MONOBAMBA","120419"
"1071","106","MUQUI","120420"
"1072","106","MUQUIYAUYO","120421"
"1073","106","PACA","120422"
"1074","106","PACCHA","120423"
"1075","106","PANCAN","120424"
"1076","106","PARCO","120425"
"1077","106","POMACANCHA","120426"
"1078","106","RICRAN","120427"
"1079","106","SAN LORENZO","120428"
"1080","106","SAN PEDRO DE CHUNAN","120429"
"1081","106","SAUSA","120430"
"1082","106","SINCOS","120431"
"1083","106","TUNAN MARCA","120432"
"1084","106","YAULI","120433"
"1085","106","YAUYOS","120434"
"1086","107","JUNIN","120501"
"1087","107","CARHUAMAYO","120502"
"1088","107","ONDORES","120503"
"1089","107","ULCUMAYO","120504"
"1090","108","SATIPO","120601"
"1091","108","COVIRIALI","120602"
"1092","108","LLAYLLA","120603"
"1093","108","MAZAMARI","120604"
"1094","108","PAMPA HERMOSA","120605"
"1095","108","PANGOA","120606"
"1096","108","RIO NEGRO","120607"
"1097","108","RIO TAMBO","120608"
"1098","109","TARMA","120701"
"1099","109","ACOBAMBA","120702"
"1100","109","HUARICOLCA","120703"
"1101","109","HUASAHUASI","120704"
"1102","109","LA UNION","120705"
"1103","109","PALCA","120706"
"1104","109","PALCAMAYO","120707"
"1105","109","SAN PEDRO DE CAJAS","120708"
"1106","109","TAPO","120709"
"1107","110","LA OROYA","120801"
"1108","110","CHACAPALPA","120802"
"1109","110","HUAY-HUAY","120803"
"1110","110","MARCAPOMACOCHA","120804"
"1111","110","MOROCOCHA","120805"
"1112","110","PACCHA","120806"
"1113","110","SANTA BARBARA DE CARHUACAYAN","120807"
"1114","110","SANTA ROSA DE SACCO","120808"
"1115","110","SUITUCANCHA","120809"
"1116","110","YAULI","120810"
"1117","111","CHUPACA","120901"
"1118","111","AHUAC","120902"
"1119","111","CHONGOS BAJO","120903"
"1120","111","HUACHAC","120904"
"1121","111","HUAMANCACA CHICO","120905"
"1122","111","SAN JUAN DE ISCOS","120906"
"1123","111","SAN JUAN DE JARPA","120907"
"1124","111","TRES DE DICIEMBRE","120908"
"1125","111","YANACANCHA","120909"
"1126","112","TRUJILLO","130101"
"1127","112","EL PORVENIR","130102"
"1128","112","FLORENCIA DE MORA","130103"
"1129","112","HUANCHACO","130104"
"1130","112","LA ESPERANZA","130105"
"1131","112","LAREDO","130106"
"1132","112","MOCHE","130107"
"1133","112","POROTO","130108"
"1134","112","SALAVERRY","130109"
"1135","112","SIMBAL","130110"
"1136","112","VICTOR LARCO HERRERA","130111"
"1137","113","ASCOPE","130201"
"1138","113","CHICAMA","130202"
"1139","113","CHOCOPE","130203"
"1140","113","MAGDALENA DE CAO","130204"
"1141","113","PAIJAN","130205"
"1142","113","RAZURI","130206"
"1143","113","SANTIAGO DE CAO","130207"
"1144","113","CASA GRANDE","130208"
"1145","114","BOLIVAR","130301"
"1146","114","BAMBAMARCA","130302"
"1147","114","CONDORMARCA","130303"
"1148","114","LONGOTEA","130304"
"1149","114","UCHUMARCA","130305"
"1150","114","UCUNCHA","130306"
"1151","115","CHEPEN","130401"
"1152","115","PACANGA","130402"
"1153","115","PUEBLO NUEVO","130403"
"1154","116","JULCAN","130501"
"1155","116","CALAMARCA","130502"
"1156","116","CARABAMBA","130503"
"1157","116","HUASO","130504"
"1158","117","OTUZCO","130601"
"1159","117","AGALLPAMPA","130602"
"1160","117","CHARAT","130604"
"1161","117","HUARANCHAL","130605"
"1162","117","LA CUESTA","130606"
"1163","117","MACHE","130608"
"1164","117","PARANDAY","130610"
"1165","117","SALPO","130611"
"1166","117","SINSICAP","130613"
"1167","117","USQUIL","130614"
"1168","118","SAN PEDRO DE LLOC","130701"
"1169","118","GUADALUPE","130702"
"1170","118","JEQUETEPEQUE","130703"
"1171","118","PACASMAYO","130704"
"1172","118","SAN JOSE","130705"
"1173","119","TAYABAMBA","130801"
"1174","119","BULDIBUYO","130802"
"1175","119","CHILLIA","130803"
"1176","119","HUANCASPATA","130804"
"1177","119","HUAYLILLAS","130805"
"1178","119","HUAYO","130806"
"1179","119","ONGON","130807"
"1180","119","PARCOY","130808"
"1181","119","PATAZ","130809"
"1182","119","PIAS","130810"
"1183","119","SANTIAGO DE CHALLAS","130811"
"1184","119","TAURIJA","130812"
"1185","119","URPAY","130813"
"1186","120","HUAMACHUCO","130901"
"1187","120","CHUGAY","130902"
"1188","120","COCHORCO","130903"
"1189","120","CURGOS","130904"
"1190","120","MARCABAL","130905"
"1191","120","SANAGORAN","130906"
"1192","120","SARIN","130907"
"1193","120","SARTIMBAMBA","130908"
"1194","121","SANTIAGO DE CHUCO","131001"
"1195","121","ANGASMARCA","131002"
"1196","121","CACHICADAN","131003"
"1197","121","MOLLEBAMBA","131004"
"1198","121","MOLLEPATA","131005"
"1199","121","QUIRUVILCA","131006"
"1200","121","SANTA CRUZ DE CHUCA","131007"
"1201","121","SITABAMBA","131008"
"1202","122","CASCAS","131101"
"1203","122","LUCMA","131102"
"1204","122","MARMOT","131103"
"1205","122","SAYAPULLO","131104"
"1206","123","VIRU","131201"
"1207","123","CHAO","131202"
"1208","123","GUADALUPITO","131203"
"1209","124","CHICLAYO","140101"
"1210","124","CHONGOYAPE","140102"
"1211","124","ETEN","140103"
"1212","124","ETEN PUERTO","140104"
"1213","124","JOSE LEONARDO ORTIZ","140105"
"1214","124","LA VICTORIA","140106"
"1215","124","LAGUNAS","140107"
"1216","124","MONSEFU","140108"
"1217","124","NUEVA ARICA","140109"
"1218","124","OYOTUN","140110"
"1219","124","PICSI","140111"
"1220","124","PIMENTEL","140112"
"1221","124","REQUE","140113"
"1222","124","SANTA ROSA","140114"
"1223","124","SANA","140115"
"1224","124","CAYALTI","140116"
"1225","124","PATAPO","140117"
"1226","124","POMALCA","140118"
"1227","124","PUCALA","140119"
"1228","124","TUMAN","140120"
"1229","125","FERRENAFE","140201"
"1230","125","CANARIS","140202"
"1231","125","INCAHUASI","140203"
"1232","125","MANUEL ANTONIO MESONES MURO","140204"
"1233","125","PITIPO","140205"
"1234","125","PUEBLO NUEVO","140206"
"1235","126","LAMBAYEQUE","140301"
"1236","126","CHOCHOPE","140302"
"1237","126","ILLIMO","140303"
"1238","126","JAYANCA","140304"
"1239","126","MOCHUMI","140305"
"1240","126","MORROPE","140306"
"1241","126","MOTUPE","140307"
"1242","126","OLMOS","140308"
"1243","126","PACORA","140309"
"1244","126","SALAS","140310"
"1245","126","SAN JOSE","140311"
"1246","126","TUCUME","140312"
"1247","127","LIMA","150101"
"1248","127","ANCON","150102"
"1249","127","ATE","150103"
"1250","127","BARRANCO","150104"
"1251","127","BRENA","150105"
"1252","127","CARABAYLLO","150106"
"1253","127","CHACLACAYO","150107"
"1254","127","CHORRILLOS","150108"
"1255","127","CIENEGUILLA","150109"
"1256","127","COMAS","150110"
"1257","127","EL AGUSTINO","150111"
"1258","127","INDEPENDENCIA","150112"
"1259","127","JESUS MARIA","150113"
"1260","127","LA MOLINA","150114"
"1261","127","LA VICTORIA","150115"
"1262","127","LINCE","150116"
"1263","127","LOS OLIVOS","150117"
"1264","127","LURIGANCHO","150118"
"1265","127","LURIN","150119"
"1266","127","MAGDALENA DEL MAR","150120"
"1267","127","MAGDALENA VIEJA","150121"
"1268","127","MIRAFLORES","150122"
"1269","127","PACHACAMAC","150123"
"1270","127","PUCUSANA","150124"
"1271","127","PUENTE PIEDRA","150125"
"1272","127","PUNTA HERMOSA","150126"
"1273","127","PUNTA NEGRA","150127"
"1274","127","RIMAC","150128"
"1275","127","SAN BARTOLO","150129"
"1276","127","SAN BORJA","150130"
"1277","127","SAN ISIDRO","150131"
"1278","127","SAN JUAN DE LURIGANCHO","150132"
"1279","127","SAN JUAN DE MIRAFLORES","150133"
"1280","127","SAN LUIS","150134"
"1281","127","SAN MARTIN DE PORRES","150135"
"1282","127","SAN MIGUEL","150136"
"1283","127","SANTA ANITA","150137"
"1284","127","SANTA MARIA DEL MAR","150138"
"1285","127","SANTA ROSA","150139"
"1286","127","SANTIAGO DE SURCO","150140"
"1287","127","SURQUILLO","150141"
"1288","127","VILLA EL SALVADOR","150142"
"1289","127","VILLA MARIA DEL TRIUNFO","150143"
"1290","128","BARRANCA","150201"
"1291","128","PARAMONGA","150202"
"1292","128","PATIVILCA","150203"
"1293","128","SUPE","150204"
"1294","128","SUPE PUERTO","150205"
"1295","129","CAJATAMBO","150301"
"1296","129","COPA","150302"
"1297","129","GORGOR","150303"
"1298","129","HUANCAPON","150304"
"1299","129","MANAS","150305"
"1300","130","CANTA","150401"
"1301","130","ARAHUAY","150402"
"1302","130","HUAMANTANGA","150403"
"1303","130","HUAROS","150404"
"1304","130","LACHAQUI","150405"
"1305","130","SAN BUENAVENTURA","150406"
"1306","130","SANTA ROSA DE QUIVES","150407"
"1307","131","SAN VICENTE DE CANETE","150501"
"1308","131","ASIA","150502"
"1309","131","CALANGO","150503"
"1310","131","CERRO AZUL","150504"
"1311","131","CHILCA","150505"
"1312","131","COAYLLO","150506"
"1313","131","IMPERIAL","150507"
"1314","131","LUNAHUANA","150508"
"1315","131","MALA","150509"
"1316","131","NUEVO IMPERIAL","150510"
"1317","131","PACARAN","150511"
"1318","131","QUILMANA","150512"
"1319","131","SAN ANTONIO","150513"
"1320","131","SAN LUIS","150514"
"1321","131","SANTA CRUZ DE FLORES","150515"
"1322","131","ZUNIGA","150516"
"1323","132","HUARAL","150601"
"1324","132","ATAVILLOS ALTO","150602"
"1325","132","ATAVILLOS BAJO","150603"
"1326","132","AUCALLAMA","150604"
"1327","132","CHANCAY","150605"
"1328","132","IHUARI","150606"
"1329","132","LAMPIAN","150607"
"1330","132","PACARAOS","150608"
"1331","132","SAN MIGUEL DE ACOS","150609"
"1332","132","SANTA CRUZ DE ANDAMARCA","150610"
"1333","132","SUMBILCA","150611"
"1334","132","VEINTISIETE DE NOVIEMBRE","150612"
"1335","133","MATUCANA","150701"
"1336","133","ANTIOQUIA","150702"
"1337","133","CALLAHUANCA","150703"
"1338","133","CARAMPOMA","150704"
"1339","133","CHICLA","150705"
"1340","133","CUENCA","150706"
"1341","133","HUACHUPAMPA","150707"
"1342","133","HUANZA","150708"
"1343","133","HUAROCHIRI","150709"
"1344","133","LAHUAYTAMBO","150710"
"1345","133","LANGA","150711"
"1346","133","LARAOS","150712"
"1347","133","MARIATANA","150713"
"1348","133","RICARDO PALMA","150714"
"1349","133","SAN ANDRES DE TUPICOCHA","150715"
"1350","133","SAN ANTONIO","150716"
"1351","133","SAN BARTOLOME","150717"
"1352","133","SAN DAMIAN","150718"
"1353","133","SAN JUAN DE IRIS","150719"
"1354","133","SAN JUAN DE TANTARANCHE","150720"
"1355","133","SAN LORENZO DE QUINTI","150721"
"1356","133","SAN MATEO","150722"
"1357","133","SAN MATEO DE OTAO","150723"
"1358","133","SAN PEDRO DE CASTA","150724"
"1359","133","SAN PEDRO DE HUANCAYRE","150725"
"1360","133","SANGALLAYA","150726"
"1361","133","SANTA EULALIA","150728"
"1362","133","SANTIAGO DE ANCHUCAYA","150729"
"1363","133","SANTIAGO DE TUNA","150730"
"1364","133","SANTO DOMINGO DE LOS OLLEROS","150731"
"1365","133","SURCO","150732"
"1366","134","HUACHO","150801"
"1367","134","AMBAR","150802"
"1368","134","CALETA DE CARQUIN","150803"
"1369","134","CHERCAS","150804"
"1370","134","HUALMAY","150805"
"1371","134","HUAURA","150806"
"1372","134","LEONCIO PRADO","150807"
"1373","134","PACCHO","150808"
"1374","134","SANTA LEONOR","150809"
"1375","134","SANTA MARIA","150810"
"1376","134","SAYAN","150811"
"1377","134","VEGUETA","150812"
"1378","135","OYON","150901"
"1379","135","ANDAJES","150902"
"1380","135","CAUJIL","150903"
"1381","135","COCHAMARCA","150904"
"1382","135","NAVAN","150905"
"1383","135","PACHANGARA","150906"
"1384","136","YAUYOS","151001"
"1385","136","ALIS","151002"
"1386","136","ALLAUCA","151003"
"1387","136","AYAVIRI","151004"
"1388","136","AZANGARO","151005"
"1389","136","CACRA","151006"
"1390","136","CARANIA","151007"
"1391","136","CATAHUASI","151008"
"1392","136","CHOCOS","151009"
"1393","136","COCHAS","151010"
"1394","136","COLONIA","151011"
"1395","136","HONGOS","151012"
"1396","136","HUAMPARA","151013"
"1397","136","HUANCAYA","151014"
"1398","136","HUANGASCAR","151015"
"1399","136","HUANTAN","151016"
"1400","136","HUANEC","151017"
"1401","136","LARAOS","151018"
"1402","136","LINCHA","151019"
"1403","136","MADEAN","151020"
"1404","136","MIRAFLORES","151021"
"1405","136","OMAS","151022"
"1406","136","PUTINZA","151023"
"1407","136","QUINCHES","151024"
"1408","136","QUINOCAY","151025"
"1409","136","SAN JOAQUIN","151026"
"1410","136","SAN PEDRO DE PILAS","151027"
"1411","136","TANTA","151028"
"1412","136","TAURIPAMPA","151029"
"1413","136","TOMAS","151030"
"1414","136","TUPE","151031"
"1415","136","VINAC","151032"
"1416","136","VITIS","151033"
"1417","137","IQUITOS","160101"
"1418","137","ALTO NANAY","160102"
"1419","137","FERNANDO LORES","160103"
"1420","137","INDIANA","160104"
"1421","137","LAS AMAZONAS","160105"
"1422","137","MAZAN","160106"
"1423","137","NAPO","160107"
"1424","137","PUNCHANA","160108"
"1425","137","PUTUMAYO","160109"
"1426","137","TORRES CAUSANA","160110"
"1427","137","BELEN","160112"
"1428","137","SAN JUAN BAUTISTA","160113"
"1429","138","YURIMAGUAS","160201"
"1430","138","BALSAPUERTO","160202"
"1431","138","JEBEROS","160205"
"1432","138","LAGUNAS","160206"
"1433","138","SANTA CRUZ","160210"
"1434","138","TENIENTE CESAR LOPEZ ROJAS","160211"
"1435","139","NAUTA","160301"
"1436","139","PARINARI","160302"
"1437","139","TIGRE","160303"
"1438","139","TROMPETEROS","160304"
"1439","139","URARINAS","160305"
"1440","140","RAMON CASTILLA","160401"
"1441","140","PEBAS","160402"
"1442","140","YAVARI","160403"
"1443","140","SAN PABLO","160404"
"1444","141","REQUENA","160501"
"1445","141","ALTO TAPICHE","160502"
"1446","141","CAPELO","160503"
"1447","141","EMILIO SAN MARTIN","160504"
"1448","141","MAQUIA","160505"
"1449","141","PUINAHUA","160506"
"1450","141","SAQUENA","160507"
"1451","141","SOPLIN","160508"
"1452","141","TAPICHE","160509"
"1453","141","JENARO HERRERA","160510"
"1454","141","YAQUERANA","160511"
"1455","142","CONTAMANA","160601"
"1456","142","INAHUAYA","160602"
"1457","142","PADRE MARQUEZ","160603"
"1458","142","PAMPA HERMOSA","160604"
"1459","142","SARAYACU","160605"
"1460","142","VARGAS GUERRA","160606"
"1461","143","BARRANCA","160701"
"1462","143","CAHUAPANAS","160702"
"1463","143","MANSERICHE","160703"
"1464","143","MORONA","160704"
"1465","143","PASTAZA","160705"
"1466","143","ANDOAS","160706"
"1467","144","TAMBOPATA","170101"
"1468","144","INAMBARI","170102"
"1469","144","LAS PIEDRAS","170103"
"1470","144","LABERINTO","170104"
"1471","145","MANU","170201"
"1472","145","FITZCARRALD","170202"
"1473","145","MADRE DE DIOS","170203"
"1474","145","HUEPETUHE","170204"
"1475","146","INAPARI","170301"
"1476","146","IBERIA","170302"
"1477","146","TAHUAMANU","170303"
"1478","147","MOQUEGUA","180101"
"1479","147","CARUMAS","180102"
"1480","147","CUCHUMBAYA","180103"
"1481","147","SAMEGUA","180104"
"1482","147","SAN CRISTOBAL","180105"
"1483","147","TORATA","180106"
"1484","148","OMATE","180201"
"1485","148","CHOJATA","180202"
"1486","148","COALAQUE","180203"
"1487","148","ICHUNA","180204"
"1488","148","LA CAPILLA","180205"
"1489","148","LLOQUE","180206"
"1490","148","MATALAQUE","180207"
"1491","148","PUQUINA","180208"
"1492","148","QUINISTAQUILLAS","180209"
"1493","148","UBINAS","180210"
"1494","148","YUNGA","180211"
"1495","149","ILO","180301"
"1496","149","EL ALGARROBAL","180302"
"1497","149","PACOCHA","180303"
"1498","150","CHAUPIMARCA","190101"
"1499","150","HUACHON","190102"
"1500","150","HUARIACA","190103"
"1501","150","HUAYLLAY","190104"
"1502","150","NINACACA","190105"
"1503","150","PALLANCHACRA","190106"
"1504","150","PAUCARTAMBO","190107"
"1505","150","SAN FCO.DE ASIS DE YARUSYACAN","190108"
"1506","150","SIMON BOLIVAR","190109"
"1507","150","TICLACAYAN","190110"
"1508","150","TINYAHUARCO","190111"
"1509","150","VICCO","190112"
"1510","150","YANACANCHA","190113"
"1511","151","YANAHUANCA","190201"
"1512","151","CHACAYAN","190202"
"1513","151","GOYLLARISQUIZGA","190203"
"1514","151","PAUCAR","190204"
"1515","151","SAN PEDRO DE PILLAO","190205"
"1516","151","SANTA ANA DE TUSI","190206"
"1517","151","TAPUC","190207"
"1518","151","VILCABAMBA","190208"
"1519","152","OXAPAMPA","190301"
"1520","152","CHONTABAMBA","190302"
"1521","152","HUANCABAMBA","190303"
"1522","152","PALCAZU","190304"
"1523","152","POZUZO","190305"
"1524","152","PUERTO BERMUDEZ","190306"
"1525","152","VILLA RICA","190307"
"1526","153","PIURA","200101"
"1527","153","CASTILLA","200104"
"1528","153","CATACAOS","200105"
"1529","153","CURA MORI","200107"
"1530","153","EL TALLAN","200108"
"1531","153","LA ARENA","200109"
"1532","153","LA UNION","200110"
"1533","153","LAS LOMAS","200111"
"1534","153","TAMBO GRANDE","200114"
"1535","154","AYABACA","200201"
"1536","154","FRIAS","200202"
"1537","154","JILILI","200203"
"1538","154","LAGUNAS","200204"
"1539","154","MONTERO","200205"
"1540","154","PACAIPAMPA","200206"
"1541","154","PAIMAS","200207"
"1542","154","SAPILLICA","200208"
"1543","154","SICCHEZ","200209"
"1544","154","SUYO","200210"
"1545","155","HUANCABAMBA","200301"
"1546","155","CANCHAQUE","200302"
"1547","155","EL CARMEN DE LA FRONTERA","200303"
"1548","155","HUARMACA","200304"
"1549","155","LALAQUIZ","200305"
"1550","155","SAN MIGUEL DE EL FAIQUE","200306"
"1551","155","SONDOR","200307"
"1552","155","SONDORILLO","200308"
"1553","156","CHULUCANAS","200401"
"1554","156","BUENOS AIRES","200402"
"1555","156","CHALACO","200403"
"1556","156","LA MATANZA","200404"
"1557","156","MORROPON","200405"
"1558","156","SALITRAL","200406"
"1559","156","SAN JUAN DE BIGOTE","200407"
"1560","156","SANTA CATALINA DE MOSSA","200408"
"1561","156","SANTO DOMINGO","200409"
"1562","156","YAMANGO","200410"
"1563","157","PAITA","200501"
"1564","157","AMOTAPE","200502"
"1565","157","ARENAL","200503"
"1566","157","COLAN","200504"
"1567","157","LA HUACA","200505"
"1568","157","TAMARINDO","200506"
"1569","157","VICHAYAL","200507"
"1570","158","SULLANA","200601"
"1571","158","BELLAVISTA","200602"
"1572","158","IGNACIO ESCUDERO","200603"
"1573","158","LANCONES","200604"
"1574","158","MARCAVELICA","200605"
"1575","158","MIGUEL CHECA","200606"
"1576","158","QUERECOTILLO","200607"
"1577","159","PARINAS","200701"
"1578","159","EL ALTO","200702"
"1579","159","LA BREA","200703"
"1580","159","LOBITOS","200704"
"1581","159","LOS ORGANOS","200705"
"1582","159","MANCORA","200706"
"1583","160","SECHURA","200801"
"1584","160","BELLAVISTA DE LA UNION","200802"
"1585","160","BERNAL","200803"
"1586","160","CRISTO NOS VALGA","200804"
"1587","160","VICE","200805"
"1588","160","RINCONADA LLICUAR","200806"
"1589","161","PUNO","210101"
"1590","161","ACORA","210102"
"1591","161","AMANTANI","210103"
"1592","161","ATUNCOLLA","210104"
"1593","161","CAPACHICA","210105"
"1594","161","CHUCUITO","210106"
"1595","161","COATA","210107"
"1596","161","HUATA","210108"
"1597","161","MANAZO","210109"
"1598","161","PAUCARCOLLA","210110"
"1599","161","PICHACANI","210111"
"1600","161","PLATERIA","210112"
"1601","161","SAN ANTONIO","210113"
"1602","161","TIQUILLACA","210114"
"1603","162","AZANGARO","210201"
"1604","162","ACHAYA","210202"
"1605","162","ARAPA","210203"
"1606","162","ASILLO","210204"
"1607","162","CAMINACA","210205"
"1608","162","CHUPA","210206"
"1609","162","JOSE DOMINGO CHOQUEHUANCA","210207"
"1610","162","MUNANI","210208"
"1611","162","POTONI","210209"
"1612","162","SAMAN","210210"
"1613","162","SAN ANTON","210211"
"1614","162","SAN JOSE","210212"
"1615","162","SAN JUAN DE SALINAS","210213"
"1616","162","SANTIAGO DE PUPUJA","210214"
"1617","162","TIRAPATA","210215"
"1618","163","MACUSANI","210301"
"1619","163","AJOYANI","210302"
"1620","163","AYAPATA","210303"
"1621","163","COASA","210304"
"1622","163","CORANI","210305"
"1623","163","CRUCERO","210306"
"1624","163","ITUATA","210307"
"1625","163","OLLACHEA","210308"
"1626","163","SAN GABAN","210309"
"1627","163","USICAYOS","210310"
"1628","164","JULI","210401"
"1629","164","DESAGUADERO","210402"
"1630","164","HUACULLANI","210403"
"1631","164","KELLUYO","210404"
"1632","164","PISACOMA","210405"
"1633","164","POMATA","210406"
"1634","164","ZEPITA","210407"
"1635","165","ILAVE","210501"
"1636","165","CAPAZO","210502"
"1637","165","PILCUYO","210503"
"1638","165","SANTA ROSA","210504"
"1639","165","CONDURIRI","210505"
"1640","166","HUANCANE","210601"
"1641","166","COJATA","210602"
"1642","166","HUATASANI","210603"
"1643","166","INCHUPALLA","210604"
"1644","166","PUSI","210605"
"1645","166","ROSASPATA","210606"
"1646","166","TARACO","210607"
"1647","166","VILQUE CHICO","210608"
"1648","167","LAMPA","210701"
"1649","167","CABANILLA","210702"
"1650","167","CALAPUJA","210703"
"1651","167","NICASIO","210704"
"1652","167","OCUVIRI","210705"
"1653","167","PALCA","210706"
"1654","167","PARATIA","210707"
"1655","167","PUCARA","210708"
"1656","167","SANTA LUCIA","210709"
"1657","167","VILAVILA","210710"
"1658","168","AYAVIRI","210801"
"1659","168","ANTAUTA","210802"
"1660","168","CUPI","210803"
"1661","168","LLALLI","210804"
"1662","168","MACARI","210805"
"1663","168","NUNOA","210806"
"1664","168","ORURILLO","210807"
"1665","168","SANTA ROSA","210808"
"1666","168","UMACHIRI","210809"
"1667","169","MOHO","210901"
"1668","169","CONIMA","210902"
"1669","169","HUAYRAPATA","210903"
"1670","169","TILALI","210904"
"1671","170","PUTINA","211001"
"1672","170","ANANEA","211002"
"1673","170","PEDRO VILCA APAZA","211003"
"1674","170","QUILCAPUNCU","211004"
"1675","170","SINA","211005"
"1676","171","JULIACA","211101"
"1677","171","CABANA","211102"
"1678","171","CABANILLAS","211103"
"1679","171","CARACOTO","211104"
"1680","172","SANDIA","211201"
"1681","172","CUYOCUYO","211202"
"1682","172","LIMBANI","211203"
"1683","172","PATAMBUCO","211204"
"1684","172","PHARA","211205"
"1685","172","QUIACA","211206"
"1686","172","SAN JUAN DEL ORO","211207"
"1687","172","YANAHUAYA","211208"
"1688","172","ALTO INANBARI","211209"
"1689","173","YUNGUYO","211301"
"1690","173","ANAPIA","211302"
"1691","173","COPANI","211303"
"1692","173","CUTURAPI","211304"
"1693","173","OLLARAYA","211305"
"1694","173","TINICACHI","211306"
"1695","173","UNICACHI","211307"
"1696","174","MOYOBAMBA","220101"
"1697","174","CALZADA","220102"
"1698","174","HANABA","220103"
"1699","174","JEPELACIO","220104"
"1700","174","SORITOR","220105"
"1701","174","YANTALO","220106"
"1702","175","BELLAVISTA","220201"
"1703","175","ALTO BIAVO","220202"
"1704","175","BAJO BIAVO","220203"
"1705","175","HUALLAGA","220204"
"1706","175","SAN PABLO","220205"
"1707","175","SAN RAFAEL","220206"
"1708","176","SAN JOSE DE SISA","220301"
"1709","176","AGUA BLANCA","220302"
"1710","176","SAN MARTIN","220303"
"1711","176","SANTA ROSA","220304"
"1712","176","SHATOJA","220305"
"1713","177","SAPOSOA","220401"
"1714","177","ALTO SAPOSOA","220402"
"1715","177","EL ESLABON","220403"
"1716","177","PISCOYACU","220404"
"1717","177","SACANCHE","220405"
"1718","177","TINGO DE SAPOSOA","220406"
"1719","178","LAMAS","220501"
"1720","178","ALONSO DE ALVARADO","220502"
"1721","178","BARRANQUITA","220503"
"1722","178","CAYNARACHI","220504"
"1723","178","CUNUMBUQUI","220505"
"1724","178","PINTO RECODO","220506"
"1725","178","RUMISAPA","220507"
"1726","178","SAN ROQUE DE CUMBAZA","220508"
"1727","178","SHANAO","220509"
"1728","178","TABALOSOS","220510"
"1729","178","ZAPATERO","220511"
"1730","179","JUANJUI","220601"
"1731","179","CAMPANILLA","220602"
"1732","179","HUICUNGO","220603"
"1733","179","PACHIZA","220604"
"1734","179","PAJARILLO","220605"
"1735","180","PICOTA","220701"
"1736","180","BUENOS AIRES","220702"
"1737","180","CASPISAPA","220703"
"1738","180","PILLUANA","220704"
"1739","180","PUCACACA","220705"
"1740","180","SAN CRISTOBAL","220706"
"1741","180","SAN HILARION","220707"
"1742","180","SHAMBOYACU","220708"
"1743","180","TINGO DE PONASA","220709"
"1744","180","TRES UNIDOS","220710"
"1745","181","RIOJA","220801"
"1746","181","AWAJUN","220802"
"1747","181","ELIAS SOPLIN VARGAS","220803"
"1748","181","NUEVA CAJAMARCA","220804"
"1749","181","PARDO MIGUEL","220805"
"1750","181","POSIC","220806"
"1751","181","SAN FERNANDO","220807"
"1752","181","YORONGOS","220808"
"1753","181","YURACYACU","220809"
"1754","182","TARAPOTO","220901"
"1755","182","ALBERTO LEVEAU","220902"
"1756","182","CACATACHI","220903"
"1757","182","CHAZUTA","220904"
"1758","182","CHIPURANA","220905"
"1759","182","EL PORVENIR","220906"
"1760","182","HUIMBAYOC","220907"
"1761","182","JUAN GUERRA","220908"
"1762","182","LA BANDA DE SHILCAYO","220909"
"1763","182","MORALES","220910"
"1764","182","PAPAPLAYA","220911"
"1765","182","SAN ANTONIO","220912"
"1766","182","SAUCE","220913"
"1767","183","TOCACHE","221001"
"1768","183","NUEVO PROGRESO","221002"
"1769","183","POLVORA","221003"
"1770","183","SHUNTE","221004"
"1771","183","UCHIZA","221005"
"1772","184","TACNA","230101"
"1773","184","ALTO DE LA ALIANZA","230102"
"1774","184","CALANA","230103"
"1775","184","CIUDAD NUEVA","230104"
"1776","184","INCLAN","230105"
"1777","184","PACHIA","230106"
"1778","184","PALCA","230107"
"1779","184","POCOLLAY","230108"
"1780","184","SAMA","230109"
"1781","184","CORONEL GREGORIO ALBARRACIN LAN","230110"
"1782","185","CANDARAVE","230201"
"1783","185","CAIRANI","230202"
"1784","185","CAMILACA","230203"
"1785","185","CURIBAYA","230204"
"1786","185","HUANUARA","230205"
"1787","185","QUILAHUANI","230206"
"1788","186","LOCUMBA","230301"
"1789","186","ILABAYA","230302"
"1790","186","ITE","230303"
"1791","187","TARATA","230401"
"1792","187","HEROES ALBARRACIN","230402"
"1793","187","ESTIQUE","230403"
"1794","187","ESTIQUE-PAMPA","230404"
"1795","187","SITAJARA","230405"
"1796","187","SUSAPAYA","230406"
"1797","187","TARUCACHI","230407"
"1798","187","TICACO","230408"
"1799","188","TUMBES","240101"
"1800","188","CORRALES","240102"
"1801","188","LA CRUZ","240103"
"1802","188","PAMPAS DE HOSPITAL","240104"
"1803","188","SAN JACINTO","240105"
"1804","188","SAN JUAN DE LA VIRGEN","240106"
"1805","189","ZORRITOS","240201"
"1806","189","CASITAS","240202"
"1807","189","CANOAS DE PUNTA SAL","240203"
"1808","190","ZARUMILLA","240301"
"1809","190","AGUAS VERDES","240302"
"1810","190","MATAPALO","240303"
"1811","190","PAPAYAL","240304"
"1812","191","CALLERIA","250101"
"1813","191","CAMPOVERDE","250102"
"1814","191","IPARIA","250103"
"1815","191","MASISEA","250104"
"1816","191","YARINACOCHA","250105"
"1817","191","NUEVA REQUENA","250106"
"1818","192","RAYMONDI","250201"
"1819","192","SEPAHUA","250202"
"1820","192","TAHUANIA","250203"
"1821","192","YURUA","250204"
"1822","193","PADRE ABAD","250301"
"1823","193","IRAZOLA","250302"
"1824","193","CURIMANA","250303"
"1825","194","PURUS","250401"
"1826","84","COSME","090511"
"1827","2","LA PECA","010206"
"1828","86","QUICHUAS","090719"
"1829","133","SANTA CRUZ DE COCACHACRA","150727"
"1830","196","PUTUMAYO","160801"
"1831","158","SALITRAL","200608"
"1832","161","VILQUE","210115"
"1833","184","LA YARADA LOS PALOS","230111"
"1834","182","SHAPAJA","220914"
"1835","191","MANANTAY","250107"
"1836","29","JOSE MARIA ARGUEDAS","030220"
"1837","33","ROCCHACC","030609"
"1838","33","EL PORVENIR","030610"
"1839","33","LOS CHANKAS","030611"
"1840","42","ANDRES AVELINO CACERES DORREGARAY","050116"
"1841","45","CANAYRE","050409"
"1842","45","UCHURACCAY","050410"
"1843","45","PUCACOLPA","050411"
"1844","45","CHACA","050412"
"1845","46","SAMUGARI","050509"
"1846","46","ANCHIHUAY","050510"
"1847","46","ORONCCOY","050511"
"1848","66","MI PERU","070107"
"1849","69","ZURITE","080309"
"1850","75","INCAWASI","080911"
"1851","75","VILLA VIRGEN","080912"
"1852","75","VILLA KINTIARINA","080913"
"1853","75","MEGANTONI","080914"
"1854","86","ANDAYMARCA","090720"
"1855","86","ROBLE","090721"
"1856","86","PICHOS","090722"
"1857","86","SANTIAGO DE TUCUMA","090723"
"1858","87","YACUS","100112"
"1859","87","SAN PABLO DE PILLAO","100113"
"1860","92","PUCAYACU","100607"
"1861","92","CASTILLO GRANDE","100608"
"1862","92","PUEBLO NUEVO","100609"
"1863","92","SANTO DOMINGO DE ANDA","100610"
"1864","93","LA MORADA","100704"
"1865","93","SANTA ROSA DE ALTO YANAJANCA","100705"
"1866","108","VIZCATAN DEL ENE","120609"
"1867","196","ROSA PANDURO","160802"
"1868","196","TENIENTE MANUEL CLAVERO","160803"
"1869","196","YAGUAS","160804"
"1870","152","CONSTITUCION","190308"
"1871","153","VEINTISEIS DE OCTUBRE","200115"
"1872","171","SAN MIGUEL","211105"
"1873","172","SAN PEDRO DE PUTINA PUNCO","211210"
"1874","193","NESHUYA","250304"
"1875","193","ALEXANDER VON HUMBOLDT","250305"
